<?xml version="1.0" encoding="UTF-8"?>
<!DOCTYPE suite SYSTEM "http://testng.org/testng-1.0.dtd">
<suite name="Suite">
  <test name="Test">
    <classes>
      <class name="com.test.Login"/> 
      <class name="com.test.CreateEntities"/> 
      <class name="com.test.CascadeProfile"/>        
      <class name="com.test.ControlGlobalMediaPage"/> 
      <class name="com.test.RiskQuestionnaireList"/> 
      <class name="com.test.ControlReview"/> 
      <class name="com.test.RatingReview"/>           
      <class name="com.test.AssetRelated"/>                             
    </classes>
  </test> <!-- Test -->
</suite> <!-- Suite -->
